Name,Profile Picture,Folio Number
John Doe,101,101
Jane Smith,102,102
Alice Johnson,103,103
Bob Brown,104,104
Charlie Davis,105,105
Eve Martinez,106,106
Grace Wilson,107,107
Hannah White,108,108
Ian Clark,109,109
Jack Lewis,110,110
John Smith,111,0111
Emma Johnson,112,0112
Michael Williams,113,0113
Jessica Brown,114,0114
Daniel Miller,115,0115
Olivia Davis,116,0116
Alexander Garcia,117,0117
Sophia Rodriguez,118,0118
David Martinez,119,0119
Emily Hernandez,120,0120
James Lopez,121,0121
Isabella Gonzalez,122,0122
Matthew Perez,123,0123
Charlotte Wilson,124,0124
Christopher Turner,125,0125
Ava Moore,126,0126
Andrew Martin,127,0127
Mia Lee,128,0128
Joseph Hall,129,0129
Amelia White,130,0130
William Clark,131,0131
Abigail Thompson,132,0132
Ethan Lewis,133,0133
Harper Jackson,134,0134
Daniel Harris,135,0135
Sophie King,136,0136
Liam Scott,137,0137
Elizabeth Green,138,0138
Benjamin Young,139,0139
Chloe Evans,140,0140